2021-03-08 09:30:00-05:00,601.75,601.75,599.1099853515625,599.5299072265625,599.5299072265625,2452737
2021-03-08 09:31:00-05:00,599.2000122070312,599.989990234375,595.2999877929688,598.3909912109375,598.3909912109375,368993
2021-03-08 09:32:00-05:00,598.530029296875,598.739990234375,591.5499877929688,592.5206298828125,592.5206298828125,272232
2021-03-08 09:33:00-05:00,592.4500122070312,592.9500122070312,586.6799926757812,588.8200073242188,588.8200073242188,413790
2021-03-08 09:34:00-05:00,589.3699951171875,590.9600219726562,586.6900024414062,588.2130737304688,588.2130737304688,325560
2021-03-08 09:35:00-05:00,588.0,590.4600219726562,585.0,585.0910034179688,585.0910034179688,273285
2021-03-08 09:36:00-05:00,585.0150146484375,588.8599243164062,584.010009765625,587.4375,587.4375,310122
2021-03-08 09:37:00-05:00,587.5900268554688,591.8699951171875,587.1522827148438,590.260009765625,590.260009765625,270415
2021-03-08 09:38:00-05:00,590.1857299804688,593.3800048828125,587.8001098632812,592.9284057617188,592.9284057617188,221158
2021-03-08 09:39:00-05:00,592.9349975585938,599.9149780273438,592.360107421875,599.7249755859375,599.7249755859375,355959
2021-03-08 09:40:00-05:00,599.77001953125,607.3900146484375,597.2999877929688,607.3900146484375,607.3900146484375,487038
2021-03-08 09:41:00-05:00,607.2349853515625,609.0,604.219970703125,606.1051025390625,606.1051025390625,414736
2021-03-08 09:42:00-05:00,606.3173828125,612.8800048828125,603.6300048828125,612.635009765625,612.635009765625,425991
2021-03-08 09:43:00-05:00,612.4400024414062,615.5,612.3900146484375,614.2131958007812,614.2131958007812,351120
2021-03-08 09:44:00-05:00,614.219970703125,615.0,610.0,612.7789916992188,612.7789916992188,312409
2021-03-08 09:45:00-05:00,612.6900024414062,618.8699951171875,612.0,618.6270141601562,618.6270141601562,421514
2021-03-08 09:46:00-05:00,618.6199951171875,620.125,615.1199951171875,615.1500244140625,615.1500244140625,390675
2021-03-08 09:47:00-05:00,615.2999877929688,616.3389892578125,612.8900756835938,613.8151245117188,613.8151245117188,247122
2021-03-08 09:48:00-05:00,614.0700073242188,615.9000244140625,610.0,611.3489990234375,611.3489990234375,366778
2021-03-08 09:49:00-05:00,611.6298828125,613.6298828125,608.3300170898438,608.8699951171875,608.8699951171875,228855
2021-03-08 09:50:00-05:00,608.5800170898438,610.6962280273438,608.0,608.62939453125,608.62939453125,229226
2021-03-08 09:51:00-05:00,608.5499877929688,609.030029296875,604.3300170898438,605.2098999023438,605.2098999023438,383772
2021-03-08 09:52:00-05:00,605.0859985351562,605.5499877929688,602.0,604.3400268554688,604.3400268554688,315611
2021-03-08 09:53:00-05:00,604.1201171875,604.5499877929688,597.1705932617188,600.8499755859375,600.8499755859375,310037
2021-03-08 09:54:00-05:00,600.9299926757812,605.1500244140625,599.5765991210938,605.1500244140625,605.1500244140625,323436
2021-03-08 09:55:00-05:00,605.0399780273438,607.8599853515625,605.0001220703125,606.268310546875,606.268310546875,290149
2021-03-08 09:56:00-05:00,606.4400024414062,606.4400024414062,600.0,600.0582885742188,600.0582885742188,240123
2021-03-08 09:57:00-05:00,600.010009765625,600.0650024414062,593.0,595.0,595.0,304451
2021-03-08 09:58:00-05:00,595.25,597.7053833007812,594.1099853515625,594.256103515625,594.256103515625,209702
2021-03-08 09:59:00-05:00,594.3499755859375,596.5499267578125,592.0900268554688,596.22998046875,596.22998046875,176383
2021-03-08 10:00:00-05:00,596.6199951171875,599.3900146484375,595.4885864257812,596.5599975585938,596.5599975585938,220594
2021-03-08 10:01:00-05:00,596.0,597.7598876953125,593.0192260742188,597.4454956054688,597.4454956054688,163030
2021-03-08 10:02:00-05:00,597.2999877929688,598.9500122070312,596.3300170898438,597.0900268554688,597.0900268554688,126535
2021-03-08 10:03:00-05:00,596.3599853515625,596.3914184570312,590.0,590.7482299804688,590.7482299804688,235181
2021-03-08 10:04:00-05:00,590.7999877929688,595.4605102539062,590.0,594.5798950195312,594.5798950195312,152695
2021-03-08 10:05:00-05:00,594.2379760742188,597.969970703125,593.0001220703125,594.793701171875,594.793701171875,160959
2021-03-08 10:06:00-05:00,594.5499877929688,598.1099853515625,594.0360107421875,597.9199829101562,597.9199829101562,105710
2021-03-08 10:07:00-05:00,597.669189453125,602.9299926757812,597.2772216796875,602.4400024414062,602.4400024414062,230632
2021-03-08 10:08:00-05:00,602.4299926757812,603.4000244140625,600.5499877929688,601.719970703125,601.719970703125,205981
2021-03-08 10:09:00-05:00,601.7100219726562,605.4299926757812,601.5571899414062,604.8900756835938,604.8900756835938,202205
2021-03-08 10:10:00-05:00,605.2899780273438,607.0,602.010009765625,603.4739990234375,603.4739990234375,262660
2021-03-08 10:11:00-05:00,603.5999755859375,604.498779296875,600.0,600.0,600.0,158570
2021-03-08 10:12:00-05:00,600.031982421875,601.7973022460938,597.5999755859375,598.60009765625,598.60009765625,235471
2021-03-08 10:13:00-05:00,599.0,600.0900268554688,597.2999877929688,599.682373046875,599.682373046875,106280
2021-03-08 10:14:00-05:00,599.7465209960938,601.72998046875,597.0,601.239990234375,601.239990234375,148869
2021-03-08 10:15:00-05:00,601.60009765625,604.0,601.2200927734375,601.7999877929688,601.7999877929688,136463
2021-03-08 10:16:00-05:00,601.6110229492188,601.9000244140625,599.760009765625,599.760009765625,599.760009765625,92874
2021-03-08 10:17:00-05:00,599.6799926757812,604.367919921875,598.3499755859375,604.3499755859375,604.3499755859375,168852
2021-03-08 10:18:00-05:00,604.1599731445312,606.4000244140625,603.9500122070312,605.9500122070312,605.9500122070312,184054
2021-03-08 10:19:00-05:00,605.6849975585938,605.6849975585938,602.526611328125,603.77099609375,603.77099609375,112551
2021-03-08 10:20:00-05:00,603.9299926757812,609.0,603.1400146484375,608.63623046875,608.63623046875,207637
2021-03-08 10:21:00-05:00,608.989990234375,609.0,606.0900268554688,607.25,607.25,162570
2021-03-08 10:22:00-05:00,607.0277099609375,607.7999877929688,606.25,606.7999877929688,606.7999877929688,114649
2021-03-08 10:23:00-05:00,606.9066162109375,606.9066162109375,602.698974609375,604.52001953125,604.52001953125,128339
2021-03-08 10:24:00-05:00,604.739990234375,605.0999755859375,600.7999877929688,601.4801025390625,601.4801025390625,160090
2021-03-08 10:25:00-05:00,601.8400268554688,604.3599243164062,601.7999877929688,602.7899780273438,602.7899780273438,120865
2021-03-08 10:26:00-05:00,603.7000122070312,605.1934204101562,602.635009765625,603.8909912109375,603.8909912109375,116042
2021-03-08 10:27:00-05:00,604.0,607.3099975585938,604.0,606.7689819335938,606.7689819335938,110986
2021-03-08 10:28:00-05:00,606.7340087890625,607.22998046875,603.5280151367188,604.5869750976562,604.5869750976562,88550
2021-03-08 10:29:00-05:00,604.8305053710938,609.6300048828125,604.6849975585938,608.1397094726562,608.1397094726562,200351
2021-03-08 10:30:00-05:00,608.1500244140625,611.8200073242188,607.9500122070312,611.760009765625,611.760009765625,213063
2021-03-08 10:31:00-05:00,611.5900268554688,611.719970703125,608.7200927734375,610.469970703125,610.469970703125,152351
2021-03-08 10:32:00-05:00,610.4500122070312,612.2000122070312,609.5037231445312,611.125,611.125,185486
2021-03-08 10:33:00-05:00,611.1300048828125,611.2399291992188,608.22998046875,609.47998046875,609.47998046875,125529
2021-03-08 10:34:00-05:00,609.6199951171875,611.719970703125,609.1300048828125,611.0,611.0,155735
2021-03-08 10:35:00-05:00,611.0947265625,612.2899169921875,610.0,611.030029296875,611.030029296875,160965
2021-03-08 10:36:00-05:00,610.8126831054688,612.8922729492188,610.2520751953125,612.0684814453125,612.0684814453125,174191
2021-03-08 10:37:00-05:00,612.0933227539062,612.22998046875,608.6256103515625,608.864990234375,608.864990234375,157900
2021-03-08 10:38:00-05:00,608.7999877929688,608.8350219726562,605.3800048828125,607.1099853515625,607.1099853515625,172992
2021-03-08 10:39:00-05:00,607.1300048828125,608.205810546875,605.4010009765625,606.9014282226562,606.9014282226562,118137
2021-03-08 10:40:00-05:00,606.760009765625,609.0,606.760009765625,607.52001953125,607.52001953125,92882
2021-03-08 10:41:00-05:00,607.9144287109375,610.2899169921875,607.9144287109375,609.2501220703125,609.2501220703125,114611
2021-03-08 10:42:00-05:00,609.2999877929688,610.5885009765625,607.7949829101562,608.2050170898438,608.2050170898438,117697
2021-03-08 10:43:00-05:00,608.2313842773438,609.469970703125,607.0,607.8900146484375,607.8900146484375,82212
2021-03-08 10:44:00-05:00,608.3300170898438,608.97998046875,607.0,607.6400146484375,607.6400146484375,71702
2021-03-08 10:45:00-05:00,607.6400146484375,608.5,606.2999877929688,607.25,607.25,87322
2021-03-08 10:46:00-05:00,607.4000244140625,607.4000244140625,605.0,606.469970703125,606.469970703125,134738
2021-03-08 10:47:00-05:00,606.7000122070312,607.89990234375,605.7999877929688,605.7999877929688,605.7999877929688,76665
2021-03-08 10:48:00-05:00,605.64501953125,605.64501953125,602.35498046875,602.9349975585938,602.9349975585938,177981
2021-03-08 10:49:00-05:00,602.8900146484375,603.8099975585938,602.0,603.1749877929688,603.1749877929688,106417
2021-03-08 10:50:00-05:00,603.332275390625,604.280029296875,601.0,601.969970703125,601.969970703125,150298
2021-03-08 10:51:00-05:00,602.1099853515625,604.0,601.0,601.10888671875,601.10888671875,123894
2021-03-08 10:52:00-05:00,601.3800048828125,601.5905151367188,600.0,600.0029907226562,600.0029907226562,144116
2021-03-08 10:53:00-05:00,600.010009765625,600.989990234375,598.010009765625,598.239990234375,598.239990234375,166915
2021-03-08 10:54:00-05:00,598.0800170898438,599.8900146484375,597.0,598.25,598.25,190619
2021-03-08 10:55:00-05:00,598.3099975585938,600.5900268554688,598.010009765625,600.4299926757812,600.4299926757812,122517
2021-03-08 10:56:00-05:00,600.510009765625,601.8499755859375,600.0,601.0,601.0,126050
2021-03-08 10:57:00-05:00,600.72998046875,601.97998046875,599.25048828125,600.3400268554688,600.3400268554688,100416
2021-03-08 10:58:00-05:00,600.47998046875,603.5399780273438,600.3350219726562,603.0399780273438,603.0399780273438,119240
2021-03-08 10:59:00-05:00,602.9682006835938,603.6599731445312,600.0,603.52001953125,603.52001953125,135185
2021-03-08 11:00:00-05:00,603.5,605.9205932617188,603.2650146484375,604.468994140625,604.468994140625,145825
2021-03-08 11:01:00-05:00,604.6099853515625,606.2999877929688,603.9600830078125,604.8900146484375,604.8900146484375,91803
2021-03-08 11:02:00-05:00,604.809814453125,605.3499755859375,602.3699951171875,603.6599731445312,603.6599731445312,86131
2021-03-08 11:03:00-05:00,603.9000244140625,604.3472290039062,601.4000244140625,603.4749755859375,603.4749755859375,73934
2021-03-08 11:04:00-05:00,603.6599731445312,603.6799926757812,600.6849975585938,601.1826171875,601.1826171875,66298
2021-03-08 11:05:00-05:00,601.469970703125,602.9500122070312,600.6900024414062,602.2550048828125,602.2550048828125,69768
2021-03-08 11:06:00-05:00,602.47998046875,602.9400024414062,600.0,600.5349731445312,600.5349731445312,60073
2021-03-08 11:07:00-05:00,600.5198974609375,600.530029296875,598.2999877929688,599.81298828125,599.81298828125,108223
2021-03-08 11:08:00-05:00,599.635009765625,602.2100219726562,599.3800048828125,599.9487915039062,599.9487915039062,79067
2021-03-08 11:09:00-05:00,600.3699951171875,602.25,599.9000244140625,600.8599853515625,600.8599853515625,56842
2021-03-08 11:10:00-05:00,600.6300048828125,600.6400146484375,597.5900268554688,597.7271728515625,597.7271728515625,137439
2021-03-08 11:11:00-05:00,597.6900024414062,597.7525024414062,594.2100219726562,594.2100219726562,594.2100219726562,194423
2021-03-08 11:12:00-05:00,594.4400024414062,596.6599731445312,594.0,594.1859741210938,594.1859741210938,79490
2021-03-08 11:13:00-05:00,594.125,594.5599975585938,593.6099853515625,593.7730102539062,593.7730102539062,35949
2021-03-08 11:15:00-05:00,593.9130249023438,594.9299926757812,593.9130249023438,594.0,594.0,214318
2021-03-08 11:16:00-05:00,595.8635864257812,596.0,595.469970703125,595.5800170898438,595.5800170898438,99214
2021-03-08 11:17:00-05:00,595.760009765625,596.0,594.2410278320312,595.9000244140625,595.9000244140625,58167
2021-03-08 11:18:00-05:00,595.8300170898438,595.9099731445312,594.0599975585938,594.3099975585938,594.3099975585938,70564
2021-03-08 11:19:00-05:00,594.4749755859375,595.9354248046875,593.2200927734375,595.7670288085938,595.7670288085938,81136
2021-03-08 11:20:00-05:00,595.7449951171875,599.4450073242188,595.7449951171875,598.7000122070312,598.7000122070312,127565
2021-03-08 11:21:00-05:00,598.7849731445312,600.0,597.739990234375,599.27099609375,599.27099609375,90942
2021-03-08 11:22:00-05:00,599.02001953125,599.02001953125,597.0062255859375,598.2059936523438,598.2059936523438,84337
2021-03-08 11:23:00-05:00,598.0,598.4747924804688,596.2501220703125,598.4747924804688,598.4747924804688,75482
2021-03-08 11:24:00-05:00,598.3624267578125,598.9349975585938,597.0,597.6185302734375,597.6185302734375,78310
2021-03-08 11:25:00-05:00,597.219970703125,597.3400268554688,595.0,595.14501953125,595.14501953125,66798
2021-03-08 11:26:00-05:00,595.1900024414062,595.27001953125,591.47998046875,593.260009765625,593.260009765625,162462
2021-03-08 11:27:00-05:00,593.47998046875,593.6555786132812,590.0,591.280029296875,591.280029296875,155722
2021-03-08 11:28:00-05:00,591.27001953125,593.1699829101562,590.7100219726562,590.8599853515625,590.8599853515625,99566
2021-03-08 11:29:00-05:00,590.5,591.787109375,590.0,591.010009765625,591.010009765625,133925
2021-03-08 11:30:00-05:00,590.780029296875,591.2100219726562,588.1300048828125,588.1300048828125,588.1300048828125,160216
2021-03-08 11:31:00-05:00,588.219970703125,589.489990234375,588.0,588.594970703125,588.594970703125,93185
2021-03-08 11:32:00-05:00,588.5999755859375,590.4398803710938,588.2200927734375,589.9349975585938,589.9349975585938,102465
2021-03-08 11:33:00-05:00,589.780029296875,589.989990234375,587.10107421875,588.260009765625,588.260009765625,114096
2021-03-08 11:34:00-05:00,588.3300170898438,590.7899780273438,588.239990234375,589.8200073242188,589.8200073242188,111787
2021-03-08 11:35:00-05:00,589.6519775390625,589.7940063476562,585.5599975585938,585.8298950195312,585.8298950195312,120939
2021-03-08 11:36:00-05:00,586.0999145507812,586.9000244140625,585.219970703125,586.8250122070312,586.8250122070312,108841
2021-03-08 11:37:00-05:00,586.864990234375,586.864990234375,585.0,585.3599853515625,585.3599853515625,77983
2021-03-08 11:38:00-05:00,585.489990234375,587.2899780273438,585.3779907226562,585.9299926757812,585.9299926757812,96751
2021-03-08 11:39:00-05:00,585.842529296875,588.37939453125,585.8300170898438,587.4249877929688,587.4249877929688,111699
2021-03-08 11:40:00-05:00,587.4000244140625,589.3676147460938,585.8699951171875,588.0999755859375,588.0999755859375,104955
2021-03-08 11:41:00-05:00,588.0700073242188,589.4899291992188,586.3099975585938,586.489990234375,586.489990234375,119608
2021-03-08 11:42:00-05:00,586.5,587.7000122070312,585.0,585.14501953125,585.14501953125,90526
2021-03-08 11:43:00-05:00,585.219970703125,585.3865966796875,583.0,583.22998046875,583.22998046875,193057
2021-03-08 11:44:00-05:00,583.1500244140625,583.5700073242188,580.530029296875,580.5599975585938,580.5599975585938,151867
2021-03-08 11:45:00-05:00,580.5454711914062,582.3800048828125,580.5,581.8900146484375,581.8900146484375,139414
2021-03-08 11:46:00-05:00,582.0,583.8994750976562,581.0040283203125,581.9699096679688,581.9699096679688,134926
2021-03-08 11:47:00-05:00,581.8837280273438,583.8198852539062,581.6699829101562,582.4400024414062,582.4400024414062,94805
2021-03-08 11:48:00-05:00,582.7435302734375,584.5,582.3300170898438,584.1801147460938,584.1801147460938,92418
2021-03-08 11:49:00-05:00,584.4000244140625,585.0,583.0,584.539794921875,584.539794921875,81910
2021-03-08 11:50:00-05:00,584.6898803710938,584.8300170898438,581.935302734375,582.2000122070312,582.2000122070312,100679
2021-03-08 11:51:00-05:00,582.2000122070312,582.2000122070312,580.0,580.030029296875,580.030029296875,152749
2021-03-08 11:52:00-05:00,580.0,582.75,579.510009765625,581.4835205078125,581.4835205078125,189452
2021-03-08 11:53:00-05:00,581.0900268554688,584.4464721679688,580.969970703125,583.219970703125,583.219970703125,97322
2021-03-08 11:54:00-05:00,583.1500244140625,583.9500122070312,582.0,583.510009765625,583.510009765625,76842
2021-03-08 11:55:00-05:00,583.35400390625,584.47998046875,582.0399780273438,584.114990234375,584.114990234375,99456
2021-03-08 11:56:00-05:00,584.3049926757812,586.8239135742188,584.3049926757812,586.4600219726562,586.4600219726562,160635
2021-03-08 11:57:00-05:00,586.4699096679688,586.8800048828125,585.010009765625,586.655029296875,586.655029296875,81748
2021-03-08 11:58:00-05:00,586.5599975585938,586.760009765625,584.0,585.47998046875,585.47998046875,107598
2021-03-08 11:59:00-05:00,585.6708984375,585.6708984375,581.0548706054688,581.7899780273438,581.7899780273438,113656
2021-03-08 12:00:00-05:00,581.6019287109375,582.4398803710938,580.6599731445312,581.8233032226562,581.8233032226562,119996
2021-03-08 12:01:00-05:00,582.0999145507812,584.6599731445312,581.9630126953125,584.5,584.5,76037
2021-03-08 12:02:00-05:00,584.239990234375,584.239990234375,581.5,581.9019775390625,581.9019775390625,60717
2021-03-08 12:03:00-05:00,582.0424194335938,582.6900024414062,581.4000244140625,581.581298828125,581.581298828125,67842
2021-03-08 12:04:00-05:00,581.8660888671875,582.6500244140625,581.0,581.260009765625,581.260009765625,90498
2021-03-08 12:05:00-05:00,581.0001220703125,581.4099731445312,580.0,581.3499755859375,581.3499755859375,96467
2021-03-08 12:06:00-05:00,581.4299926757812,582.8723754882812,580.7000122070312,581.8900146484375,581.8900146484375,95945
2021-03-08 12:07:00-05:00,581.8897094726562,582.010009765625,580.1168823242188,580.43017578125,580.43017578125,64098
2021-03-08 12:08:00-05:00,580.68701171875,582.719970703125,580.5,582.5999755859375,582.5999755859375,78479
2021-03-08 12:09:00-05:00,582.6599731445312,584.52001953125,582.6599731445312,584.3699951171875,584.3699951171875,96462
2021-03-08 12:10:00-05:00,584.4605712890625,586.7000122070312,584.2000122070312,586.6900024414062,586.6900024414062,124514
2021-03-08 12:11:00-05:00,586.6279907226562,586.6279907226562,584.5200805664062,585.5532836914062,585.5532836914062,68878
2021-03-08 12:12:00-05:00,585.7891845703125,585.8800048828125,583.239990234375,584.3099975585938,584.3099975585938,58122
2021-03-08 12:13:00-05:00,584.4699096679688,584.7100219726562,583.5908203125,584.393310546875,584.393310546875,49412
2021-03-08 12:14:00-05:00,584.469970703125,586.4299926757812,584.4349975585938,585.090087890625,585.090087890625,78118
2021-03-08 12:15:00-05:00,585.2399291992188,585.5900268554688,581.9299926757812,582.522216796875,582.522216796875,99574
2021-03-08 12:16:00-05:00,582.6199951171875,585.1400146484375,582.4970092773438,585.1400146484375,585.1400146484375,59235
2021-03-08 12:17:00-05:00,585.1500244140625,586.47998046875,584.6900024414062,585.530029296875,585.530029296875,104550
2021-03-08 12:18:00-05:00,585.5955200195312,585.5955200195312,584.0001220703125,584.4400024414062,584.4400024414062,59798
2021-03-08 12:19:00-05:00,584.4498901367188,585.0999755859375,583.6710205078125,584.6500854492188,584.6500854492188,48578
2021-03-08 12:20:00-05:00,584.6599731445312,587.0,584.6500244140625,586.6799926757812,586.6799926757812,76418
2021-03-08 12:21:00-05:00,586.8900146484375,587.8599853515625,585.760009765625,586.7249755859375,586.7249755859375,84771
2021-03-08 12:22:00-05:00,586.7000122070312,588.8400268554688,586.6199951171875,588.3200073242188,588.3200073242188,102149
2021-03-08 12:23:00-05:00,588.7860107421875,588.7860107421875,587.5,588.5484008789062,588.5484008789062,74224
2021-03-08 12:24:00-05:00,588.5150146484375,590.739990234375,588.2999877929688,589.9002075195312,589.9002075195312,131656
2021-03-08 12:25:00-05:00,590.2000122070312,590.7100219726562,589.7501220703125,589.875,589.875,108121
2021-03-08 12:26:00-05:00,589.875,592.0,589.0599975585938,591.6400146484375,591.6400146484375,107069
2021-03-08 12:27:00-05:00,591.580078125,592.7999877929688,591.530029296875,592.0499877929688,592.0499877929688,98279
2021-03-08 12:28:00-05:00,592.0499877929688,593.1599731445312,592.0,593.0426025390625,593.0426025390625,86320
2021-03-08 12:29:00-05:00,593.0632934570312,593.7999877929688,592.3734130859375,592.72998046875,592.72998046875,79089
2021-03-08 12:30:00-05:00,592.625,592.718505859375,590.35009765625,591.1480712890625,591.1480712890625,94521
2021-03-08 12:31:00-05:00,590.989990234375,592.869873046875,590.989990234375,592.7000122070312,592.7000122070312,60881
2021-03-08 12:32:00-05:00,592.8200073242188,592.8499755859375,590.4500122070312,590.72021484375,590.72021484375,55668
2021-03-08 12:33:00-05:00,590.4833984375,592.5,590.4833984375,592.3724975585938,592.3724975585938,55306
2021-03-08 12:34:00-05:00,592.5900268554688,593.844970703125,591.8629150390625,593.0001220703125,593.0001220703125,83283
2021-03-08 12:35:00-05:00,593.02001953125,594.6400146484375,592.9600219726562,593.6300048828125,593.6300048828125,74289
2021-03-08 12:36:00-05:00,593.969970703125,593.969970703125,591.72998046875,592.46728515625,592.46728515625,51435
2021-03-08 12:37:00-05:00,592.385009765625,593.3800048828125,592.0900268554688,593.0,593.0,47145
2021-03-08 12:38:00-05:00,592.9766845703125,593.6939086914062,591.6500244140625,592.1900024414062,592.1900024414062,54699
2021-03-08 12:39:00-05:00,592.030029296875,592.0382080078125,589.030029296875,589.114990234375,589.114990234375,89851
2021-03-08 12:40:00-05:00,589.1099853515625,591.3499755859375,589.0300903320312,591.1699829101562,591.1699829101562,70845
2021-03-08 12:41:00-05:00,591.0,593.1500244140625,591.0,591.5775146484375,591.5775146484375,62558
2021-03-08 12:42:00-05:00,591.530029296875,591.6799926757812,589.5,589.9500122070312,589.9500122070312,44415
2021-03-08 12:43:00-05:00,589.9299926757812,590.97998046875,589.5200805664062,589.625,589.625,34849
2021-03-08 12:44:00-05:00,589.52001953125,590.9992065429688,589.52001953125,590.5,590.5,32822
2021-03-08 12:45:00-05:00,590.27001953125,591.8599853515625,590.27001953125,591.0701293945312,591.0701293945312,48593
2021-03-08 12:46:00-05:00,591.239990234375,592.2799072265625,590.0599975585938,590.4863891601562,590.4863891601562,48977
2021-03-08 12:47:00-05:00,590.4299926757812,591.969970703125,589.3400268554688,589.6849975585938,589.6849975585938,53729
2021-03-08 12:48:00-05:00,589.6033935546875,590.780029296875,589.6033935546875,590.219970703125,590.219970703125,42372
2021-03-08 12:49:00-05:00,590.25,591.1356201171875,590.0,590.1699829101562,590.1699829101562,42121
2021-03-08 12:50:00-05:00,590.2449951171875,592.2562866210938,590.2449951171875,591.6220092773438,591.6220092773438,74621
2021-03-08 12:51:00-05:00,591.5549926757812,592.5999755859375,590.2999877929688,592.094970703125,592.094970703125,62513
2021-03-08 12:52:00-05:00,592.239990234375,592.3067016601562,591.010009765625,591.2949829101562,591.2949829101562,43235
2021-03-08 12:53:00-05:00,591.4219970703125,591.510009765625,587.9000244140625,588.9400024414062,588.9400024414062,90626
2021-03-08 12:54:00-05:00,588.6400146484375,588.6400146484375,587.0700073242188,587.597412109375,587.597412109375,60081
2021-03-08 12:55:00-05:00,587.5549926757812,587.6199951171875,585.9450073242188,586.4119873046875,586.4119873046875,87124
2021-03-08 12:56:00-05:00,586.4299926757812,587.59619140625,585.2083129882812,585.2083129882812,585.2083129882812,74136
2021-03-08 12:57:00-05:00,585.2639770507812,586.1400146484375,585.0670166015625,585.1710205078125,585.1710205078125,54675
2021-03-08 12:58:00-05:00,585.4400024414062,585.7337036132812,584.0499877929688,585.22998046875,585.22998046875,94890
2021-03-08 12:59:00-05:00,584.969970703125,584.969970703125,583.5679931640625,583.9522094726562,583.9522094726562,79683
2021-03-08 13:00:00-05:00,583.915771484375,585.4099731445312,583.3300170898438,584.7000122070312,584.7000122070312,96629
2021-03-08 13:01:00-05:00,584.52197265625,585.9898071289062,584.0999755859375,584.1019897460938,584.1019897460938,78037
2021-03-08 13:02:00-05:00,584.0001220703125,584.8699951171875,583.0999755859375,584.844970703125,584.844970703125,52499
2021-03-08 13:03:00-05:00,584.9724731445312,585.580078125,584.5300903320312,585.2899780273438,585.2899780273438,56247
2021-03-08 13:04:00-05:00,585.1199951171875,585.239990234375,583.8104858398438,584.469970703125,584.469970703125,47745
2021-03-08 13:05:00-05:00,584.739990234375,585.8535766601562,584.1201171875,584.635009765625,584.635009765625,60815
2021-03-08 13:06:00-05:00,584.760009765625,586.2000122070312,584.6799926757812,586.0599975585938,586.0599975585938,47650
2021-03-08 13:07:00-05:00,586.1300048828125,586.8400268554688,585.385009765625,585.780029296875,585.780029296875,51176
2021-03-08 13:08:00-05:00,585.8099975585938,586.2321166992188,584.77001953125,585.5650024414062,585.5650024414062,52983
2021-03-08 13:09:00-05:00,585.6300048828125,586.0700073242188,584.510009765625,584.77001953125,584.77001953125,47797
2021-03-08 13:10:00-05:00,585.0599975585938,585.3400268554688,582.6099853515625,582.889892578125,582.889892578125,68677
2021-03-08 13:11:00-05:00,582.6724243164062,583.4199829101562,582.3905029296875,582.96630859375,582.96630859375,55188
2021-03-08 13:12:00-05:00,582.9500122070312,584.81298828125,582.8800048828125,584.8099975585938,584.8099975585938,71124
2021-03-08 13:13:00-05:00,584.5700073242188,585.469970703125,584.1599731445312,585.1300048828125,585.1300048828125,54938
2021-03-08 13:14:00-05:00,585.0737915039062,586.5,584.8099975585938,585.765380859375,585.765380859375,52822
2021-03-08 13:15:00-05:00,585.7213745117188,585.7799072265625,584.9349975585938,585.0999755859375,585.0999755859375,36423
2021-03-08 13:16:00-05:00,584.8900146484375,587.5499877929688,584.8900146484375,586.9299926757812,586.9299926757812,85811
2021-03-08 13:17:00-05:00,586.7000122070312,586.9025268554688,585.4500122070312,586.25,586.25,36510
2021-03-08 13:18:00-05:00,586.4000854492188,586.47998046875,585.4105224609375,586.0,586.0,34129
2021-03-08 13:19:00-05:00,586.0983276367188,586.2896118164062,584.0,584.0499877929688,584.0499877929688,62290
2021-03-08 13:20:00-05:00,584.02001953125,585.77001953125,584.0,584.0,584.0,61344
2021-03-08 13:21:00-05:00,584.0817260742188,584.8099975585938,583.5800170898438,584.5300903320312,584.5300903320312,56719
2021-03-08 13:22:00-05:00,584.5385131835938,584.6699829101562,583.5800170898438,584.035888671875,584.035888671875,41527
2021-03-08 13:23:00-05:00,583.8687133789062,584.780029296875,583.3726806640625,584.6900024414062,584.6900024414062,57034
2021-03-08 13:24:00-05:00,584.7100219726562,584.8699951171875,583.5800170898438,584.0,584.0,34458
2021-03-08 13:25:00-05:00,583.7000122070312,584.3599853515625,583.5,583.6699829101562,583.6699829101562,44969
2021-03-08 13:26:00-05:00,583.5800170898438,584.5499877929688,583.5,583.7100219726562,583.7100219726562,43545
2021-03-08 13:27:00-05:00,583.75,584.6343994140625,583.75,583.96142578125,583.96142578125,34289
2021-03-08 13:28:00-05:00,584.0,584.68701171875,583.8084106445312,584.6400146484375,584.6400146484375,36812
2021-03-08 13:29:00-05:00,584.8350219726562,586.0,584.594970703125,585.1599731445312,585.1599731445312,55185
2021-03-08 13:30:00-05:00,584.780029296875,585.1614990234375,582.3701171875,582.8499755859375,582.8499755859375,61444
2021-03-08 13:31:00-05:00,582.9515991210938,583.4573974609375,581.8800048828125,582.4400024414062,582.4400024414062,81545
2021-03-08 13:32:00-05:00,582.2100830078125,582.7595825195312,581.469970703125,581.9099731445312,581.9099731445312,54955
2021-03-08 13:33:00-05:00,581.8400268554688,582.0,581.2617797851562,581.510009765625,581.510009765625,41163
2021-03-08 13:34:00-05:00,581.47998046875,582.1951904296875,581.0,581.1400756835938,581.1400756835938,64100
2021-03-08 13:35:00-05:00,581.27001953125,582.4299926757812,580.0,582.030029296875,582.030029296875,170249
2021-03-08 13:36:00-05:00,581.9840087890625,582.469970703125,581.5650024414062,581.6199951171875,581.6199951171875,53881
2021-03-08 13:37:00-05:00,581.5900268554688,582.260009765625,581.1099853515625,581.7299194335938,581.7299194335938,47437
2021-03-08 13:38:00-05:00,581.7285766601562,582.25,580.0499877929688,580.1400146484375,580.1400146484375,102877
2021-03-08 13:39:00-05:00,580.0999755859375,581.3665771484375,580.0,580.0900268554688,580.0900268554688,111665
2021-03-08 13:40:00-05:00,580.25,580.4099731445312,578.0200805664062,578.20751953125,578.20751953125,186349
2021-03-08 13:41:00-05:00,578.010009765625,578.219970703125,576.52001953125,576.5800170898438,576.5800170898438,127234
2021-03-08 13:42:00-05:00,576.52001953125,577.5,575.9500122070312,575.97998046875,575.97998046875,108990
2021-03-08 13:43:00-05:00,575.989990234375,576.0399780273438,575.1799926757812,575.7532958984375,575.7532958984375,115935
2021-03-08 13:44:00-05:00,575.780029296875,576.4400024414062,575.0,575.0800170898438,575.0800170898438,130070
2021-03-08 13:45:00-05:00,575.0900268554688,577.5,575.0,577.2274780273438,577.2274780273438,136427
2021-03-08 13:46:00-05:00,576.9500122070312,577.510009765625,575.830078125,576.5750122070312,576.5750122070312,85674
2021-03-08 13:47:00-05:00,576.6699829101562,576.75,575.260009765625,575.3499755859375,575.3499755859375,74615
2021-03-08 13:48:00-05:00,575.3699951171875,575.3699951171875,573.8099975585938,575.0650024414062,575.0650024414062,198525
2021-03-08 13:49:00-05:00,575.010009765625,575.469970703125,572.7908935546875,573.010009765625,573.010009765625,113417
2021-03-08 13:50:00-05:00,573.0,574.4199829101562,572.1799926757812,572.7650146484375,572.7650146484375,133749
2021-03-08 13:51:00-05:00,572.8099975585938,574.37841796875,572.0,572.239990234375,572.239990234375,144023
2021-03-08 13:52:00-05:00,572.0999755859375,572.5,571.0,571.0501098632812,571.0501098632812,134084
2021-03-08 13:53:00-05:00,571.3980712890625,571.39990234375,570.7999877929688,571.135009765625,571.135009765625,118893
2021-03-08 13:54:00-05:00,570.9400024414062,573.5422973632812,570.5,572.3198852539062,572.3198852539062,164131
2021-03-08 13:55:00-05:00,572.2000122070312,572.4500122070312,570.5100708007812,571.4749755859375,571.4749755859375,97389
2021-03-08 13:56:00-05:00,571.4199829101562,571.4598999023438,568.603271484375,568.718994140625,568.718994140625,222878
2021-03-08 13:57:00-05:00,568.7000122070312,569.65380859375,568.080078125,568.9500122070312,568.9500122070312,125462
2021-03-08 13:58:00-05:00,569.0,570.4899291992188,568.4099731445312,570.402099609375,570.402099609375,117160
2021-03-08 13:59:00-05:00,570.3800048828125,570.55029296875,569.0,570.1900024414062,570.1900024414062,119654
2021-03-08 14:00:00-05:00,570.0275268554688,571.2050170898438,568.0499877929688,569.8004150390625,569.8004150390625,177649
2021-03-08 14:01:00-05:00,569.2899780273438,569.52099609375,565.0,565.9099731445312,565.9099731445312,276312
2021-03-08 14:02:00-05:00,566.293701171875,569.4500122070312,565.0001831054688,568.9450073242188,568.9450073242188,216806
2021-03-08 14:03:00-05:00,569.0999755859375,569.8200073242188,566.2811889648438,568.9298706054688,568.9298706054688,142619
2021-03-08 14:04:00-05:00,568.6099853515625,568.8200073242188,567.0,568.5800170898438,568.5800170898438,70356
2021-03-08 14:05:00-05:00,568.5568237304688,570.9849853515625,566.8800048828125,570.6442260742188,570.6442260742188,142941
2021-03-08 14:06:00-05:00,570.4063720703125,573.3800048828125,569.6599731445312,573.3115234375,573.3115234375,228222
2021-03-08 14:07:00-05:00,573.3300170898438,574.9141235351562,572.5,573.1799926757812,573.1799926757812,208997
2021-03-08 14:08:00-05:00,573.2286987304688,573.9000244140625,571.4500122070312,572.9099731445312,572.9099731445312,97002
2021-03-08 14:09:00-05:00,572.8300170898438,572.8494873046875,571.0,571.010009765625,571.010009765625,93051
2021-03-08 14:10:00-05:00,571.1243286132812,572.5,570.510009765625,571.5399780273438,571.5399780273438,110240
2021-03-08 14:11:00-05:00,571.3900146484375,574.25,571.2200927734375,573.77001953125,573.77001953125,122400
2021-03-08 14:12:00-05:00,573.75,575.2100219726562,573.010009765625,575.030029296875,575.030029296875,111450
2021-03-08 14:13:00-05:00,575.1599731445312,575.3900146484375,573.1849975585938,573.6599731445312,573.6599731445312,93173
2021-03-08 14:14:00-05:00,573.6950073242188,574.24658203125,572.9224243164062,573.8162231445312,573.8162231445312,64802
2021-03-08 14:15:00-05:00,573.7999877929688,577.0,573.3699951171875,576.8583984375,576.8583984375,134388
2021-03-08 14:16:00-05:00,576.77001953125,576.77001953125,575.0,575.4400024414062,575.4400024414062,94735
2021-03-08 14:17:00-05:00,575.5700073242188,576.4998779296875,573.5499877929688,573.969970703125,573.969970703125,77968
2021-03-08 14:18:00-05:00,574.030029296875,574.8499755859375,572.3599853515625,573.293701171875,573.293701171875,84388
2021-03-08 14:19:00-05:00,573.2999877929688,574.8182983398438,573.0499877929688,574.5499267578125,574.5499267578125,59890
2021-03-08 14:20:00-05:00,574.1500244140625,575.8300170898438,573.62939453125,573.97998046875,573.97998046875,78842
2021-03-08 14:21:00-05:00,573.9199829101562,574.6199951171875,572.5800170898438,574.4498901367188,574.4498901367188,70132
2021-03-08 14:22:00-05:00,574.1400146484375,574.780029296875,573.0,573.22998046875,573.22998046875,55575
2021-03-08 14:23:00-05:00,573.31640625,573.9299926757812,573.011474609375,573.75,573.75,47233
2021-03-08 14:24:00-05:00,573.7999877929688,575.0499877929688,573.5900268554688,574.489990234375,574.489990234375,75953
2021-03-08 14:25:00-05:00,574.3499755859375,576.4605102539062,573.0,576.344970703125,576.344970703125,78932
2021-03-08 14:26:00-05:00,576.2899780273438,577.4000244140625,575.6799926757812,577.1400146484375,577.1400146484375,102181
2021-03-08 14:27:00-05:00,577.1900024414062,577.9400024414062,576.1600952148438,576.8699951171875,576.8699951171875,104904
2021-03-08 14:28:00-05:00,576.8699951171875,578.8442993164062,576.8699951171875,578.4400024414062,578.4400024414062,93141
2021-03-08 14:29:00-05:00,578.173828125,578.8989868164062,577.7899780273438,578.3869018554688,578.3869018554688,74960
2021-03-08 14:30:00-05:00,578.2000122070312,579.6699829101562,577.0100708007812,579.5120849609375,579.5120849609375,91697
2021-03-08 14:31:00-05:00,579.4600219726562,580.0,578.8499755859375,579.2647094726562,579.2647094726562,106644
2021-03-08 14:32:00-05:00,579.3499755859375,579.4500122070312,577.6400146484375,578.5,578.5,68118
2021-03-08 14:33:00-05:00,578.4299926757812,579.159912109375,577.3355712890625,577.4039916992188,577.4039916992188,53491
2021-03-08 14:34:00-05:00,577.6840209960938,578.1799926757812,577.2202758789062,577.3800048828125,577.3800048828125,40082
2021-03-08 14:35:00-05:00,577.5,578.8798828125,577.3499755859375,578.4199829101562,578.4199829101562,57216
2021-03-08 14:36:00-05:00,578.6900024414062,578.889892578125,577.3599853515625,577.9600219726562,577.9600219726562,54630
2021-03-08 14:37:00-05:00,578.4849853515625,578.4849853515625,577.4099731445312,577.5,577.5,36821
2021-03-08 14:38:00-05:00,577.3699951171875,577.9039916992188,576.4205932617188,577.669677734375,577.669677734375,65568
2021-03-08 14:39:00-05:00,577.5499877929688,578.0,574.3099975585938,574.3400268554688,574.3400268554688,90346
2021-03-08 14:40:00-05:00,574.280029296875,576.030029296875,574.280029296875,575.0599975585938,575.0599975585938,65534
2021-03-08 14:41:00-05:00,575.4000244140625,575.8800048828125,574.0,574.4249877929688,574.4249877929688,54179
2021-03-08 14:42:00-05:00,574.3900146484375,574.3900146484375,573.1500854492188,573.4000244140625,573.4000244140625,58734
2021-03-08 14:43:00-05:00,573.47998046875,573.47998046875,571.6199951171875,572.469970703125,572.469970703125,111574
2021-03-08 14:44:00-05:00,572.55078125,572.55078125,571.0499877929688,571.4299926757812,571.4299926757812,87784
2021-03-08 14:45:00-05:00,571.530029296875,573.3756103515625,571.0,572.119384765625,572.119384765625,129185
2021-03-08 14:46:00-05:00,572.2000122070312,572.969970703125,571.6799926757812,572.469970703125,572.469970703125,61771
2021-03-08 14:47:00-05:00,572.6400146484375,573.1749877929688,571.405029296875,571.8699951171875,571.8699951171875,62269
2021-03-08 14:48:00-05:00,571.8099975585938,571.8099975585938,570.0,570.0900268554688,570.0900268554688,88178
2021-03-08 14:49:00-05:00,570.07080078125,571.489990234375,569.201171875,570.469970703125,570.469970703125,113574
2021-03-08 14:50:00-05:00,570.3253784179688,571.3560180664062,569.8690795898438,570.77001953125,570.77001953125,66644
2021-03-08 14:51:00-05:00,570.510009765625,572.5,570.2800903320312,572.2000122070312,572.2000122070312,73362
2021-03-08 14:52:00-05:00,571.9099731445312,572.760009765625,571.239990234375,571.7999877929688,571.7999877929688,65329
2021-03-08 14:53:00-05:00,571.9600219726562,572.260009765625,570.9000244140625,572.260009765625,572.260009765625,51143
2021-03-08 14:54:00-05:00,572.3062133789062,574.0,572.2700805664062,573.10498046875,573.10498046875,107451
2021-03-08 14:55:00-05:00,573.0900268554688,574.719970703125,572.8800048828125,573.7067260742188,573.7067260742188,120641
2021-03-08 14:56:00-05:00,573.6925048828125,574.0,572.4199829101562,573.8099975585938,573.8099975585938,54104
2021-03-08 14:57:00-05:00,573.7899780273438,573.8289794921875,572.77001953125,573.1837768554688,573.1837768554688,54248
2021-03-08 14:58:00-05:00,573.1699829101562,574.6099853515625,572.52001953125,572.8300170898438,572.8300170898438,69077
2021-03-08 14:59:00-05:00,572.8099975585938,573.0,572.0700073242188,573.0,573.0,61782
2021-03-08 15:00:00-05:00,572.4849853515625,572.72998046875,569.0,569.10009765625,569.10009765625,130474
2021-03-08 15:01:00-05:00,569.14501953125,569.3800048828125,568.0,568.6599731445312,568.6599731445312,146985
2021-03-08 15:02:00-05:00,568.583984375,569.75,568.0,568.4550170898438,568.4550170898438,93117
2021-03-08 15:03:00-05:00,568.5800170898438,569.1099853515625,567.1099853515625,568.0449829101562,568.0449829101562,98981
2021-03-08 15:04:00-05:00,567.9650268554688,569.4600219726562,567.340087890625,567.3499755859375,567.3499755859375,90184
2021-03-08 15:05:00-05:00,567.4450073242188,567.97998046875,566.239990234375,567.0001220703125,567.0001220703125,138760
2021-03-08 15:06:00-05:00,566.989990234375,568.7999877929688,565.8900146484375,567.5399780273438,567.5399780273438,139369
2021-03-08 15:07:00-05:00,567.5,568.5900268554688,566.580078125,568.0,568.0,96336
2021-03-08 15:08:00-05:00,567.7899780273438,568.5590209960938,565.4711303710938,565.760009765625,565.760009765625,103205
2021-03-08 15:09:00-05:00,565.6599731445312,565.6900024414062,564.4453125,565.510009765625,565.510009765625,184398
2021-03-08 15:10:00-05:00,565.510009765625,565.9199829101562,563.0999755859375,564.3499755859375,564.3499755859375,140275
2021-03-08 15:11:00-05:00,564.0,564.75,562.5,562.7982788085938,562.7982788085938,125870
2021-03-08 15:12:00-05:00,562.7766723632812,563.0,562.0,562.0999755859375,562.0999755859375,133071
2021-03-08 15:13:00-05:00,562.2100219726562,563.0,562.010009765625,563.0,563.0,87324
2021-03-08 15:14:00-05:00,562.989990234375,565.0,562.989990234375,565.0,565.0,179969
2021-03-08 15:15:00-05:00,565.030029296875,565.8200073242188,564.4655151367188,565.0,565.0,149209
2021-03-08 15:16:00-05:00,565.0,565.0,561.6900024414062,562.5592041015625,562.5592041015625,163429
2021-03-08 15:17:00-05:00,562.5250244140625,563.6400146484375,561.77197265625,561.97998046875,561.97998046875,118204
2021-03-08 15:18:00-05:00,561.8900146484375,562.0090942382812,560.469970703125,560.7847290039062,560.7847290039062,128289
2021-03-08 15:19:00-05:00,560.8499755859375,560.8699951171875,558.9600219726562,559.7200927734375,559.7200927734375,262633
2021-03-08 15:20:00-05:00,559.9024047851562,561.2899780273438,558.7899780273438,560.42822265625,560.42822265625,193946
2021-03-08 15:21:00-05:00,560.4000244140625,562.260009765625,560.219970703125,560.9199829101562,560.9199829101562,104088
2021-03-08 15:22:00-05:00,560.8699951171875,563.27001953125,560.864990234375,562.0,562.0,130792
2021-03-08 15:23:00-05:00,562.010009765625,562.6300048828125,560.02001953125,560.0700073242188,560.0700073242188,115777
2021-03-08 15:24:00-05:00,560.1699829101562,563.3300170898438,560.030029296875,562.6873168945312,562.6873168945312,94845
2021-03-08 15:25:00-05:00,562.7550048828125,564.260009765625,561.6921997070312,563.85498046875,563.85498046875,137209
2021-03-08 15:26:00-05:00,563.77001953125,564.1998901367188,562.0,564.1998901367188,564.1998901367188,83360
2021-03-08 15:27:00-05:00,564.1699829101562,564.5,562.6400146484375,564.2326049804688,564.2326049804688,73798
2021-03-08 15:28:00-05:00,564.239990234375,565.3800048828125,563.0,563.3200073242188,563.3200073242188,138601
2021-03-08 15:29:00-05:00,563.27001953125,563.6500244140625,560.3900146484375,560.5599975585938,560.5599975585938,104307
2021-03-08 15:30:00-05:00,560.6099853515625,566.0,560.6099853515625,565.5900268554688,565.5900268554688,175268
2021-03-08 15:31:00-05:00,565.4199829101562,566.1408081054688,563.9099731445312,565.4400024414062,565.4400024414062,125326
2021-03-08 15:32:00-05:00,565.5250244140625,568.2702026367188,565.0,568.030029296875,568.030029296875,151393
2021-03-08 15:33:00-05:00,568.0150146484375,572.6599731445312,567.8800048828125,571.3599853515625,571.3599853515625,221374
2021-03-08 15:34:00-05:00,571.375,572.3099975585938,568.6500244140625,569.281005859375,569.281005859375,204754
2021-03-08 15:35:00-05:00,569.3656005859375,571.159912109375,568.5,571.030029296875,571.030029296875,149006
2021-03-08 15:36:00-05:00,571.0549926757812,572.0,569.4044189453125,569.4099731445312,569.4099731445312,147722
2021-03-08 15:37:00-05:00,569.5150146484375,569.9199829101562,568.0150146484375,569.3389892578125,569.3389892578125,124347
2021-03-08 15:38:00-05:00,569.281005859375,571.9299926757812,569.0819091796875,571.2901000976562,571.2901000976562,136197
2021-03-08 15:39:00-05:00,571.4500122070312,571.75,569.0,569.3699951171875,569.3699951171875,116138
2021-03-08 15:40:00-05:00,569.280029296875,570.02001953125,566.4199829101562,566.9099731445312,566.9099731445312,156445
2021-03-08 15:41:00-05:00,566.8099975585938,567.041015625,565.0900268554688,566.4793701171875,566.4793701171875,148850
2021-03-08 15:42:00-05:00,566.5700073242188,567.5999755859375,565.8200073242188,566.6500244140625,566.6500244140625,101120
2021-03-08 15:43:00-05:00,566.594970703125,568.0700073242188,566.1599731445312,567.0999755859375,567.0999755859375,91723
2021-03-08 15:44:00-05:00,566.780029296875,568.1680908203125,566.0003051757812,568.1192016601562,568.1192016601562,80657
2021-03-08 15:45:00-05:00,568.159912109375,568.72998046875,565.5424194335938,566.1900024414062,566.1900024414062,87641
2021-03-08 15:46:00-05:00,566.0599975585938,567.27001953125,565.0,565.0499877929688,565.0499877929688,113275
2021-03-08 15:47:00-05:00,565.0,565.72998046875,563.5333862304688,563.5333862304688,563.5333862304688,190664
2021-03-08 15:48:00-05:00,563.5338134765625,563.8499755859375,562.1300048828125,562.593994140625,562.593994140625,104688
2021-03-08 15:49:00-05:00,562.6699829101562,564.2999877929688,562.5,564.1500244140625,564.1500244140625,101416
2021-03-08 15:50:00-05:00,564.3300170898438,565.5900268554688,563.4500122070312,565.3099975585938,565.3099975585938,146180
2021-03-08 15:51:00-05:00,565.1199951171875,565.5999755859375,564.719970703125,565.0599975585938,565.0599975585938,128501
2021-03-08 15:52:00-05:00,565.1500244140625,565.859619140625,565.0,565.0505981445312,565.0505981445312,120447
2021-03-08 15:53:00-05:00,565.0200805664062,566.5800170898438,565.0,566.5798950195312,566.5798950195312,118022
2021-03-08 15:54:00-05:00,566.5800170898438,567.8765258789062,566.3400268554688,566.9600219726562,566.9600219726562,132954
2021-03-08 15:55:00-05:00,566.989990234375,566.989990234375,565.0,565.1900024414062,565.1900024414062,129728
2021-03-08 15:56:00-05:00,565.1699829101562,565.6900024414062,564.780029296875,565.0999755859375,565.0999755859375,245251
2021-03-08 15:57:00-05:00,565.0999755859375,566.1300048828125,564.8499755859375,565.0900268554688,565.0900268554688,169334
2021-03-08 15:58:00-05:00,565.1099853515625,565.739990234375,564.239990234375,564.4500122070312,564.4500122070312,183320
2021-03-08 15:59:00-05:00,564.4749755859375,564.5,561.594970703125,562.969970703125,562.969970703125,304030
